{
  "config": {
    "model": "Qwen/Qwen2.5-Coder-7B-Instruct",
    "decoding_method": "pless",
    "temperature": 1.0,
    "top_p": null,
    "num_samples": 10,
    "n_problems": 100,
    "seed": 42
  },
  "difficulty_distribution": {
    "EASY": 19,
    "MEDIUM_HARD": 17,
    "VERY_HARD": 18,
    "HARD": 19,
    "MEDIUM": 19
  },
  "pass_at_k": {
    "pass@1": 0.04565217391304347,
    "pass@3": 0.06630434782608695,
    "pass@5": 0.0749223602484472,
    "pass@8": 0.08260869565217391,
    "pass@10": 0.08695652173913043
  },
  "diversity": {
    "quality_vs_gt": 0.20932241229256834,
    "self_codebleu": 0.7803698109391973,
    "gt_coverage": 0.20648246016488545
  },
  "image_problems_excluded": [
    133,
    198,
    282,
    460,
    876,
    913,
    935,
    994
  ],
  "n_problems_after_exclusion": 92
}